{"lhs_partition": 0, "rhs_partition": 0, "index": 1, "stats": {"count": 11, "metrics": {"loss": 13.849272641268643, "reg": 0.001802977820096368, "violators_lhs": 368.0, "violators_rhs": 449.72727272727275}}, "epoch_idx": 0, "edge_path_idx": 0, "edge_chunk_idx": 0}
{"lhs_partition": 0, "rhs_partition": 0, "index": 2, "stats": {"count": 11, "metrics": {"loss": 13.796510869806463, "reg": 0.0014749904247847471, "violators_lhs": 275.54545454545456, "violators_rhs": 440.72727272727275}}, "epoch_idx": 1, "edge_path_idx": 0, "edge_chunk_idx": 0}
{"lhs_partition": 0, "rhs_partition": 0, "index": 3, "stats": {"count": 11, "metrics": {"loss": 13.701621489091353, "reg": 0.0023021689531478014, "violators_lhs": 208.1818181818182, "violators_rhs": 281.72727272727275}}, "epoch_idx": 2, "edge_path_idx": 0, "edge_chunk_idx": 0}
{"lhs_partition": 0, "rhs_partition": 0, "index": 4, "stats": {"count": 11, "metrics": {"loss": 13.617403897372158, "reg": 0.0022162704580378804, "violators_lhs": 274.09090909090907, "violators_rhs": 373.09090909090907}}, "epoch_idx": 3, "edge_path_idx": 0, "edge_chunk_idx": 0}
{"lhs_partition": 0, "rhs_partition": 0, "index": 5, "stats": {"count": 11, "metrics": {"loss": 13.495285034179688, "reg": 0.0032058026620440864, "violators_lhs": 209.54545454545453, "violators_rhs": 258.8181818181818}}, "epoch_idx": 4, "edge_path_idx": 0, "edge_chunk_idx": 0}
{"lhs_partition": 0, "rhs_partition": 0, "index": 6, "stats": {"count": 11, "metrics": {"loss": 13.381874778053977, "reg": 0.0040974054189229555, "violators_lhs": 252.72727272727272, "violators_rhs": 245.0909090909091}}, "epoch_idx": 5, "edge_path_idx": 0, "edge_chunk_idx": 0}
{"lhs_partition": 0, "rhs_partition": 0, "index": 7, "stats": {"count": 11, "metrics": {"loss": 13.291593464938076, "reg": 0.0052990321154621515, "violators_lhs": 206.36363636363637, "violators_rhs": 203.9090909090909}}, "epoch_idx": 6, "edge_path_idx": 0, "edge_chunk_idx": 0}
